image,label,slope_material,block_material,env,angle,b_width,b_height,b_depth
ID_0_F,False,ice,glass,moon,5,3,1,3
ID_1_T,True,ice,wood,earth,25,1,2,3
ID_2_F,False,rubber,steel,mars,30,1,2,3
ID_3_F,False,steel,ice,moon,5,3,2,3
ID_4_T,True,ice,glass,moon,20,4,1,3
ID_5_F,False,rubber,ice,earth,15,2,2,3
ID_6_F,False,rubber,ice,mars,25,2,2,3
ID_7_T,True,wood,wood,moon,45,4,2,3
ID_8_T,True,steel,ice,moon,40,4,1,3
ID_9_F,False,rubber,ice,moon,45,5,1,3
ID_10_T,True,glass,wood,moon,50,5,2,3
ID_11_T,True,glass,steel,moon,45,3,1,3
ID_12_T,True,wood,rubber,moon,50,3,2,3
ID_13_T,True,ice,ice,mars,30,5,2,3
ID_14_F,False,steel,steel,mars,35,3,1,3
ID_15_T,True,ice,steel,earth,10,3,1,3
ID_16_F,False,rubber,wood,moon,20,2,2,3
ID_17_F,False,steel,rubber,mars,25,2,2,3
ID_18_F,False,rubber,glass,moon,10,2,2,3
ID_19_T,True,ice,glass,mars,30,5,1,3
ID_20_T,True,ice,wood,earth,10,3,2,3
ID_21_T,True,steel,wood,earth,40,1,2,3
ID_22_F,False,ice,glass,moon,5,4,1,3
ID_23_T,True,glass,steel,mars,50,5,1,3
ID_24_T,True,ice,rubber,mars,40,1,2,3
ID_25_T,True,steel,steel,earth,45,5,1,3
ID_26_T,True,ice,wood,mars,20,2,2,3
ID_27_T,True,ice,glass,moon,40,3,1,3
ID_28_F,False,rubber,glass,mars,5,2,1,3
ID_29_T,True,wood,rubber,mars,45,4,1,3
ID_30_F,False,wood,rubber,moon,10,4,1,3
ID_31_T,True,wood,ice,earth,35,4,2,3
ID_32_F,False,steel,wood,moon,10,3,2,3
ID_33_F,False,glass,rubber,earth,35,2,2,3
ID_34_T,True,ice,ice,mars,45,3,1,3
ID_35_T,True,ice,glass,mars,45,4,2,3
ID_36_F,False,glass,glass,earth,15,3,1,3
ID_37_T,True,ice,steel,mars,35,2,1,3
ID_38_F,False,glass,steel,earth,15,2,1,3
ID_39_T,True,ice,glass,moon,45,3,1,3
ID_40_F,False,glass,glass,moon,25,1,2,3
ID_41_F,False,rubber,wood,mars,20,3,2,3
ID_42_F,False,glass,ice,earth,20,3,1,3
ID_43_T,True,wood,wood,moon,30,4,2,3
ID_44_T,True,ice,glass,mars,30,5,1,3
ID_45_T,True,wood,wood,earth,20,2,2,3
ID_46_F,False,rubber,steel,mars,20,1,1,3
ID_47_F,False,wood,steel,earth,10,4,1,3
ID_48_F,False,steel,steel,mars,5,2,2,3
ID_49_F,False,rubber,wood,earth,40,1,1,3
ID_50_T,True,ice,rubber,moon,15,4,1,3
ID_51_T,True,wood,steel,earth,40,2,1,3
ID_52_F,False,rubber,wood,mars,25,5,2,3
ID_53_T,True,ice,wood,mars,15,5,1,3
ID_54_T,True,wood,steel,moon,35,2,2,3
ID_55_T,True,steel,rubber,earth,50,1,2,3
ID_56_F,False,rubber,glass,moon,15,1,2,3
ID_57_T,True,steel,wood,mars,45,1,1,3
ID_58_T,True,ice,glass,mars,40,4,1,3
ID_59_F,False,glass,steel,moon,20,3,2,3
ID_60_T,True,glass,glass,earth,50,2,2,3
ID_61_T,True,steel,steel,earth,45,4,1,3
ID_62_T,True,wood,steel,earth,30,3,1,3
ID_63_T,True,glass,wood,mars,45,4,1,3
ID_64_T,True,ice,glass,earth,50,2,1,3
ID_65_F,False,steel,wood,mars,30,2,1,3
ID_66_T,True,wood,ice,earth,30,3,2,3
ID_67_F,False,glass,rubber,mars,30,2,1,3
ID_68_T,True,steel,steel,moon,50,4,1,3
ID_69_T,True,steel,ice,earth,50,4,1,3
ID_70_T,True,ice,wood,moon,15,5,2,3
ID_71_F,False,steel,ice,earth,25,4,2,3
ID_72_F,False,rubber,wood,earth,5,5,1,3
ID_73_F,False,steel,wood,earth,25,5,2,3
ID_74_F,False,steel,glass,mars,35,4,1,3
ID_75_T,True,ice,wood,moon,30,4,1,3
ID_76_F,False,glass,rubber,earth,15,1,1,3
ID_77_T,True,wood,wood,earth,20,2,2,3
ID_78_F,False,glass,steel,mars,15,3,2,3
ID_79_F,False,rubber,rubber,earth,20,2,2,3
ID_80_T,True,wood,steel,earth,20,2,1,3
ID_81_T,True,wood,wood,earth,45,4,1,3
ID_82_F,False,glass,ice,mars,5,2,1,3
ID_83_F,False,rubber,steel,earth,35,4,2,3
ID_84_F,False,steel,glass,earth,5,2,1,3
ID_85_T,True,rubber,wood,earth,50,5,1,3
ID_86_T,True,ice,rubber,mars,10,3,2,3
ID_87_T,True,wood,wood,earth,25,4,2,3
ID_88_F,False,steel,glass,earth,25,3,1,3
ID_89_T,True,rubber,rubber,earth,50,1,1,3
ID_90_T,True,wood,steel,moon,40,1,2,3
ID_91_T,True,ice,rubber,moon,45,2,1,3
ID_92_F,False,rubber,ice,moon,25,4,2,3
ID_93_T,True,steel,ice,moon,45,2,1,3
ID_94_F,False,steel,steel,moon,15,4,2,3
ID_95_F,False,steel,glass,moon,5,2,2,3
ID_96_F,False,steel,steel,earth,10,2,1,3
ID_97_T,True,glass,glass,earth,50,3,2,3
ID_98_F,False,rubber,rubber,moon,40,2,2,3
ID_99_F,False,rubber,wood,moon,5,2,1,3
ID_100_F,False,steel,ice,moon,15,4,2,3
ID_101_T,True,wood,glass,earth,40,4,2,3
ID_102_T,True,rubber,rubber,moon,50,2,2,3
ID_103_F,False,glass,ice,earth,35,4,2,3
ID_104_F,False,rubber,steel,mars,20,3,1,3
ID_105_F,False,steel,rubber,earth,15,3,1,3
ID_106_T,True,steel,glass,mars,50,2,2,3
ID_107_F,False,glass,rubber,mars,40,2,2,3
ID_108_F,False,steel,ice,mars,25,2,1,3
ID_109_F,False,glass,wood,mars,30,5,1,3
ID_110_T,True,wood,ice,mars,40,5,1,3
ID_111_F,False,ice,glass,moon,5,2,2,3
ID_112_T,True,glass,ice,mars,50,2,2,3
ID_113_T,True,ice,rubber,moon,45,2,2,3
ID_114_T,True,wood,glass,mars,30,2,2,3
ID_115_F,False,steel,ice,moon,35,3,1,3
ID_116_F,False,steel,ice,moon,30,1,1,3
ID_117_F,False,rubber,ice,earth,5,1,2,3
ID_118_F,False,rubber,ice,earth,5,2,2,3
ID_119_T,True,wood,wood,mars,50,1,2,3
ID_120_T,True,wood,glass,moon,40,4,1,3
ID_121_F,False,glass,steel,moon,35,3,1,3
ID_122_T,True,wood,glass,moon,40,5,1,3
ID_123_T,True,rubber,steel,earth,50,2,2,3
ID_124_F,False,wood,wood,earth,10,5,2,3
ID_125_F,False,rubber,rubber,mars,15,4,1,3
ID_126_F,False,glass,wood,mars,35,3,2,3
ID_127_F,False,rubber,rubber,moon,30,3,2,3
ID_128_F,False,steel,rubber,earth,15,3,1,3
ID_129_F,False,rubber,steel,moon,5,3,2,3
ID_130_T,True,ice,steel,mars,10,4,2,3
ID_131_F,False,steel,glass,mars,5,4,1,3
ID_132_T,True,steel,glass,earth,50,3,1,3
ID_133_T,True,wood,steel,moon,20,2,2,3
ID_134_F,False,rubber,ice,earth,20,3,2,3
ID_135_F,False,rubber,ice,moon,35,2,1,3
ID_136_T,True,wood,steel,mars,40,5,2,3
ID_137_F,False,steel,ice,earth,15,3,2,3
ID_138_T,True,ice,steel,moon,45,1,2,3
ID_139_F,False,rubber,rubber,moon,45,4,2,3
ID_140_F,False,glass,rubber,earth,5,1,1,3
ID_141_F,False,glass,rubber,moon,30,3,2,3
ID_142_T,True,ice,steel,moon,45,3,2,3
ID_143_F,False,glass,wood,moon,40,4,1,3
ID_144_T,True,ice,wood,mars,15,4,1,3
ID_145_T,True,ice,rubber,earth,20,3,1,3
ID_146_T,True,ice,wood,earth,30,5,1,3
ID_147_T,True,wood,wood,moon,35,3,1,3
ID_148_T,True,ice,glass,moon,40,3,2,3
ID_149_F,False,rubber,wood,moon,30,4,2,3
ID_150_F,False,rubber,ice,earth,15,2,1,3
ID_151_T,True,ice,glass,mars,40,2,1,3
ID_152_F,False,glass,glass,mars,10,2,1,3
ID_153_T,True,ice,wood,earth,45,2,1,3
ID_154_F,False,steel,rubber,moon,10,5,2,3
ID_155_F,False,glass,glass,mars,40,1,2,3
ID_156_F,False,glass,steel,moon,10,5,1,3
ID_157_F,False,glass,steel,mars,40,3,2,3
ID_158_T,True,ice,steel,moon,35,2,2,3
ID_159_F,False,glass,ice,earth,5,2,2,3
ID_160_T,True,steel,ice,moon,45,1,2,3
ID_161_T,True,glass,steel,mars,50,2,2,3
ID_162_F,False,rubber,glass,mars,25,1,2,3
ID_163_T,True,wood,wood,earth,35,1,1,3
ID_164_F,False,glass,rubber,mars,35,2,1,3
ID_165_F,False,rubber,steel,mars,15,3,2,3
ID_166_F,False,steel,steel,mars,10,3,1,3
ID_167_T,True,wood,wood,mars,30,2,1,3
ID_168_T,True,rubber,ice,moon,50,1,1,3
ID_169_T,True,ice,wood,mars,20,2,1,3
ID_170_T,True,wood,rubber,earth,15,5,2,3
ID_171_T,True,wood,glass,moon,25,2,2,3
ID_172_F,False,wood,wood,earth,5,3,2,3
ID_173_T,True,ice,wood,mars,30,1,2,3
ID_174_F,False,wood,wood,mars,10,3,2,3
ID_175_T,True,ice,steel,mars,25,4,1,3
ID_176_F,False,glass,ice,mars,30,3,2,3
ID_177_F,False,steel,glass,mars,20,5,2,3
ID_178_F,False,steel,wood,earth,5,4,1,3
ID_179_T,True,wood,steel,earth,15,2,2,3
ID_180_F,False,glass,glass,moon,5,4,1,3
ID_181_F,False,steel,ice,mars,5,4,1,3
ID_182_T,True,ice,ice,earth,30,4,2,3
ID_183_T,True,ice,rubber,earth,45,1,1,3
ID_184_F,False,rubber,ice,earth,45,1,2,3
ID_185_T,True,ice,glass,mars,30,2,2,3
ID_186_F,False,glass,rubber,earth,15,2,1,3
ID_187_F,False,rubber,steel,earth,20,3,2,3
ID_188_F,False,steel,steel,mars,35,2,1,3
ID_189_F,False,rubber,glass,moon,20,4,1,3
ID_190_F,False,steel,rubber,moon,30,4,1,3
ID_191_F,False,glass,ice,moon,40,3,2,3
ID_192_F,False,rubber,ice,mars,20,4,2,3
ID_193_F,False,steel,glass,mars,25,2,1,3
ID_194_F,False,rubber,steel,earth,25,4,2,3
ID_195_T,True,ice,rubber,earth,10,3,2,3
ID_196_F,False,glass,steel,moon,35,2,1,3
ID_197_F,False,rubber,ice,earth,20,3,1,3
ID_198_F,False,rubber,ice,moon,30,1,2,3
ID_199_F,False,steel,glass,earth,20,1,2,3
ID_200_T,True,wood,steel,earth,20,1,1,3
ID_201_T,True,ice,steel,mars,50,1,2,3
ID_202_T,True,wood,ice,mars,30,2,1,3
ID_203_T,True,steel,glass,earth,50,4,2,3
ID_204_F,False,glass,rubber,earth,10,5,1,3
ID_205_F,False,steel,wood,earth,15,3,1,3
ID_206_T,True,ice,glass,earth,10,4,1,3
ID_207_F,False,rubber,steel,earth,35,1,2,3
ID_208_F,False,steel,wood,mars,5,3,2,3
ID_209_F,False,glass,ice,mars,10,3,2,3
ID_210_T,True,ice,steel,earth,10,5,1,3
ID_211_F,False,steel,ice,earth,10,5,1,3
ID_212_F,False,rubber,steel,earth,45,2,1,3
ID_213_F,False,glass,ice,earth,5,5,1,3
ID_214_F,False,rubber,ice,moon,45,3,2,3
ID_215_T,True,glass,rubber,mars,45,2,1,3
ID_216_F,False,rubber,steel,mars,45,2,1,3
ID_217_F,False,steel,glass,moon,35,5,2,3
ID_218_F,False,glass,steel,mars,20,2,2,3
ID_219_F,False,steel,steel,earth,5,3,1,3
ID_220_F,False,glass,steel,moon,10,2,1,3
ID_221_F,False,rubber,wood,moon,5,4,1,3
ID_222_T,True,rubber,glass,earth,50,4,2,3
ID_223_F,False,wood,ice,earth,10,3,2,3
ID_224_T,True,wood,glass,earth,15,1,1,3
ID_225_T,True,wood,glass,mars,15,1,2,3
ID_226_F,False,steel,wood,earth,10,2,2,3
ID_227_F,False,rubber,steel,earth,30,4,2,3
ID_228_F,False,rubber,wood,mars,40,3,1,3
ID_229_T,True,ice,ice,earth,45,1,1,3
ID_230_F,False,steel,rubber,mars,25,3,2,3
ID_231_F,False,wood,ice,moon,10,4,2,3
ID_232_F,False,steel,wood,earth,25,4,2,3
ID_233_F,False,glass,wood,moon,40,3,1,3
ID_234_F,False,rubber,wood,moon,25,2,1,3
ID_235_F,False,steel,glass,moon,35,4,2,3
ID_236_F,False,glass,rubber,mars,15,5,2,3
ID_237_F,False,wood,wood,mars,10,2,1,3
ID_238_F,False,ice,ice,earth,5,4,2,3
ID_239_F,False,glass,glass,moon,40,2,1,3
ID_240_T,True,steel,steel,mars,50,2,2,3
ID_241_F,False,glass,steel,moon,40,3,2,3
ID_242_T,True,wood,wood,mars,15,3,2,3
ID_243_T,True,steel,glass,moon,40,1,2,3
ID_244_F,False,glass,ice,earth,25,5,1,3
ID_245_F,False,rubber,wood,mars,15,1,1,3
ID_246_T,True,glass,rubber,mars,45,2,2,3
ID_247_T,True,ice,ice,mars,20,3,2,3
ID_248_F,False,rubber,glass,earth,5,4,2,3
ID_249_F,False,rubber,rubber,mars,35,3,1,3
ID_250_F,False,rubber,steel,mars,10,3,1,3
ID_251_T,True,ice,ice,earth,45,2,1,3
ID_252_T,True,wood,wood,mars,45,2,2,3
ID_253_F,False,glass,wood,mars,40,1,1,3
ID_254_F,False,glass,rubber,moon,25,1,1,3
ID_255_T,True,wood,steel,moon,40,1,2,3
ID_256_F,False,wood,rubber,moon,10,1,1,3
ID_257_T,True,ice,ice,moon,35,4,1,3
ID_258_F,False,steel,wood,moon,20,4,2,3
ID_259_T,True,wood,steel,mars,30,5,2,3
ID_260_F,False,steel,ice,earth,25,4,2,3
ID_261_F,False,wood,steel,mars,10,2,1,3
ID_262_T,True,ice,glass,earth,35,1,2,3
ID_263_F,False,wood,steel,mars,10,2,1,3
ID_264_F,False,glass,glass,moon,40,3,2,3
ID_265_F,False,glass,ice,moon,25,1,1,3
ID_266_F,False,rubber,rubber,moon,35,4,1,3
ID_267_F,False,steel,glass,mars,10,5,1,3
ID_268_F,False,glass,rubber,moon,25,3,1,3
ID_269_T,True,wood,wood,earth,20,3,1,3
ID_270_F,False,rubber,steel,earth,5,1,2,3
ID_271_F,False,steel,glass,moon,30,3,1,3
ID_272_F,False,rubber,glass,mars,30,4,2,3
ID_273_F,False,glass,glass,earth,30,5,1,3
ID_274_T,True,glass,steel,moon,45,3,2,3
ID_275_F,False,glass,steel,earth,5,5,1,3
ID_276_F,False,rubber,steel,mars,15,2,2,3
ID_277_T,True,glass,glass,earth,50,3,1,3
ID_278_T,True,wood,steel,mars,35,2,1,3
ID_279_T,True,ice,steel,earth,45,3,2,3
ID_280_T,True,ice,steel,mars,35,5,2,3
ID_281_T,True,wood,steel,mars,40,2,1,3
ID_282_F,False,glass,ice,moon,25,4,1,3
ID_283_F,False,glass,steel,earth,20,4,1,3
ID_284_F,False,rubber,steel,mars,20,3,2,3
ID_285_T,True,ice,rubber,mars,45,4,2,3
ID_286_F,False,ice,wood,mars,5,2,1,3
ID_287_T,True,glass,ice,mars,45,4,1,3
ID_288_F,False,rubber,ice,earth,25,1,1,3
ID_289_F,False,rubber,glass,earth,40,2,1,3
ID_290_F,False,glass,steel,mars,30,2,1,3
ID_291_F,False,ice,rubber,mars,5,5,2,3
ID_292_T,True,wood,ice,earth,30,4,1,3
ID_293_T,True,ice,glass,mars,30,4,2,3
ID_294_F,False,steel,glass,earth,20,3,2,3
ID_295_T,True,rubber,glass,earth,50,4,1,3
ID_296_T,True,wood,steel,mars,25,2,1,3
ID_297_F,False,rubber,ice,moon,45,2,1,3
ID_298_F,False,steel,steel,moon,10,2,2,3
ID_299_F,False,rubber,glass,earth,30,3,1,3
ID_300_F,False,steel,wood,mars,35,2,2,3
ID_301_T,True,ice,wood,mars,30,1,1,3
ID_302_F,False,wood,wood,moon,10,2,2,3
ID_303_T,True,wood,steel,mars,15,1,1,3
ID_304_T,True,steel,steel,earth,40,4,1,3
ID_305_F,False,steel,glass,moon,15,2,1,3
ID_306_T,True,ice,glass,mars,20,3,2,3
ID_307_T,True,ice,steel,earth,20,4,2,3
ID_308_F,False,steel,wood,mars,15,3,1,3
ID_309_T,True,wood,rubber,moon,40,3,2,3
ID_310_T,True,ice,wood,mars,15,2,2,3
ID_311_F,False,glass,glass,mars,35,3,2,3
ID_312_F,False,ice,steel,earth,5,2,2,3
ID_313_T,True,wood,wood,moon,15,5,2,3
ID_314_T,True,ice,steel,moon,25,3,1,3
ID_315_F,False,glass,ice,moon,40,2,2,3
ID_316_T,True,wood,steel,mars,50,2,1,3
ID_317_F,False,wood,wood,moon,10,3,2,3
ID_318_T,True,ice,glass,moon,30,2,2,3
ID_319_F,False,rubber,steel,mars,15,5,1,3
ID_320_F,False,glass,ice,moon,40,4,2,3
ID_321_F,False,rubber,wood,mars,45,2,2,3
ID_322_T,True,ice,glass,mars,10,2,1,3
ID_323_F,False,rubber,steel,mars,5,5,2,3
ID_324_T,True,steel,ice,moon,50,3,2,3
ID_325_F,False,glass,glass,mars,20,1,1,3
ID_326_T,True,wood,wood,mars,45,3,1,3
ID_327_F,False,glass,ice,mars,30,3,1,3
ID_328_F,False,glass,rubber,moon,10,2,2,3
ID_329_F,False,wood,glass,moon,5,3,2,3
ID_330_F,False,ice,rubber,moon,5,1,2,3
ID_331_F,False,wood,glass,moon,5,2,2,3
ID_332_T,True,ice,steel,moon,25,4,2,3
ID_333_T,True,ice,ice,moon,40,5,1,3
ID_334_T,True,ice,glass,earth,25,3,2,3
ID_335_F,False,wood,ice,moon,10,5,1,3
ID_336_T,True,ice,steel,mars,35,5,1,3
ID_337_F,False,wood,ice,earth,10,5,2,3
ID_338_F,False,glass,rubber,mars,40,1,1,3
ID_339_F,False,rubber,glass,mars,35,2,2,3
ID_340_F,False,steel,steel,earth,20,2,2,3
ID_341_F,False,steel,ice,mars,15,3,1,3
ID_342_F,False,steel,steel,earth,35,4,1,3
ID_343_F,False,wood,glass,moon,10,3,2,3
ID_344_F,False,rubber,glass,earth,30,2,1,3
ID_345_T,True,wood,wood,mars,15,1,1,3
ID_346_F,False,rubber,rubber,moon,10,4,1,3
ID_347_T,True,ice,steel,moon,45,5,1,3
ID_348_T,True,ice,steel,mars,10,2,1,3
ID_349_T,True,ice,wood,earth,15,1,2,3
ID_350_F,False,rubber,steel,earth,30,2,2,3
ID_351_T,True,ice,steel,moon,35,2,2,3
ID_352_T,True,ice,steel,mars,40,2,2,3
ID_353_F,False,steel,steel,mars,35,3,1,3
ID_354_F,False,steel,steel,earth,5,2,2,3
ID_355_F,False,glass,ice,mars,15,4,2,3
ID_356_F,False,ice,steel,earth,5,3,2,3
ID_357_F,False,rubber,wood,earth,45,1,2,3
ID_358_T,True,ice,rubber,moon,25,4,1,3
ID_359_T,True,steel,glass,mars,50,2,1,3
ID_360_F,False,steel,steel,earth,15,4,1,3
ID_361_F,False,rubber,glass,earth,15,5,2,3
ID_362_T,True,ice,rubber,mars,35,1,2,3
ID_363_F,False,glass,steel,earth,20,5,1,3
ID_364_F,False,steel,glass,earth,5,5,2,3
ID_365_T,True,glass,glass,earth,45,5,1,3
ID_366_F,False,wood,steel,moon,5,2,2,3
ID_367_F,False,rubber,wood,mars,25,3,2,3
ID_368_F,False,steel,ice,moon,35,3,1,3
ID_369_T,True,steel,ice,earth,45,2,2,3
ID_370_T,True,wood,glass,earth,35,4,1,3
ID_371_F,False,steel,glass,earth,35,2,1,3
ID_372_F,False,steel,glass,earth,5,1,2,3
ID_373_T,True,steel,ice,moon,45,1,2,3
ID_374_T,True,steel,wood,mars,45,3,1,3
ID_375_F,False,glass,rubber,mars,40,4,1,3
ID_376_T,True,wood,rubber,mars,50,5,2,3
ID_377_T,True,wood,glass,moon,35,3,2,3
ID_378_T,True,ice,steel,mars,25,3,2,3
ID_379_F,False,rubber,rubber,moon,25,2,1,3
ID_380_F,False,wood,steel,earth,5,4,1,3
ID_381_F,False,glass,glass,mars,40,4,1,3
ID_382_F,False,ice,rubber,mars,5,2,2,3
ID_383_T,True,glass,steel,earth,50,3,1,3
ID_384_F,False,glass,ice,earth,25,2,2,3
ID_385_F,False,steel,ice,mars,20,2,2,3
ID_386_F,False,glass,wood,earth,30,2,1,3
ID_387_F,False,rubber,steel,earth,5,2,1,3
ID_388_T,True,ice,steel,mars,20,4,1,3
ID_389_F,False,ice,steel,moon,5,2,2,3
ID_390_T,True,wood,wood,earth,45,3,2,3
ID_391_F,False,glass,rubber,earth,15,1,1,3
ID_392_F,False,rubber,wood,mars,20,2,2,3
ID_393_T,True,ice,ice,mars,45,4,1,3
ID_394_F,False,steel,wood,mars,35,2,1,3
ID_395_F,False,glass,rubber,mars,20,4,1,3
ID_396_T,True,wood,ice,mars,40,1,1,3
ID_397_T,True,wood,wood,earth,25,2,1,3
ID_398_T,True,ice,ice,earth,20,3,2,3
ID_399_T,True,wood,steel,moon,35,4,2,3
ID_400_F,False,rubber,rubber,mars,20,3,1,3
ID_401_F,False,wood,ice,moon,10,4,1,3
ID_402_F,False,glass,steel,earth,20,3,2,3
ID_403_T,True,steel,rubber,mars,40,4,2,3
ID_404_T,True,ice,glass,earth,25,4,2,3
ID_405_F,False,rubber,wood,moon,40,3,2,3
ID_406_F,False,glass,steel,earth,25,4,1,3
ID_407_F,False,steel,steel,moon,30,1,1,3
ID_408_F,False,glass,ice,moon,35,4,2,3
ID_409_T,True,wood,ice,moon,45,2,2,3
ID_410_F,False,glass,ice,moon,5,1,1,3
ID_411_F,False,glass,glass,moon,25,4,2,3
ID_412_T,True,wood,glass,mars,45,3,1,3
ID_413_F,False,steel,wood,mars,5,3,2,3
ID_414_F,False,glass,ice,earth,25,2,2,3
ID_415_T,True,rubber,ice,mars,50,4,2,3
ID_416_F,False,rubber,ice,mars,20,3,2,3
ID_417_F,False,rubber,wood,moon,45,2,1,3
ID_418_T,True,rubber,ice,earth,50,4,2,3
ID_419_T,True,wood,rubber,mars,20,3,1,3
ID_420_T,True,wood,wood,moon,50,3,1,3
ID_421_F,False,rubber,rubber,mars,30,4,2,3
ID_422_F,False,glass,wood,moon,20,5,1,3
ID_423_T,True,ice,rubber,mars,40,4,1,3
ID_424_F,False,rubber,glass,earth,5,2,1,3
ID_425_T,True,rubber,ice,mars,50,3,1,3
ID_426_T,True,ice,steel,earth,40,1,2,3
ID_427_F,False,steel,wood,earth,35,2,2,3
ID_428_F,False,rubber,wood,mars,30,3,1,3
ID_429_F,False,steel,ice,earth,5,3,1,3
ID_430_F,False,rubber,wood,earth,10,2,1,3
ID_431_F,False,rubber,rubber,mars,40,2,1,3
ID_432_T,True,ice,steel,earth,45,2,1,3
ID_433_F,False,rubber,rubber,mars,40,2,1,3
ID_434_T,True,wood,steel,mars,20,4,2,3
ID_435_F,False,glass,ice,mars,20,1,1,3
ID_436_F,False,glass,steel,mars,25,5,1,3
ID_437_F,False,glass,wood,earth,5,4,1,3
ID_438_T,True,wood,ice,moon,20,3,1,3
ID_439_F,False,rubber,rubber,earth,30,3,1,3
ID_440_F,False,rubber,ice,mars,30,2,1,3
ID_441_F,False,rubber,wood,earth,35,5,2,3
ID_442_T,True,wood,rubber,earth,35,5,1,3
ID_443_T,True,ice,rubber,earth,10,1,1,3
ID_444_F,False,steel,rubber,mars,10,5,2,3
ID_445_T,True,steel,glass,moon,45,3,1,3
ID_446_F,False,glass,wood,moon,20,2,1,3
ID_447_T,True,ice,rubber,mars,45,3,1,3
ID_448_F,False,rubber,glass,mars,20,3,2,3
ID_449_T,True,steel,ice,moon,50,3,2,3
ID_450_T,True,wood,glass,earth,30,2,2,3
ID_451_F,False,glass,glass,moon,40,3,2,3
ID_452_F,False,rubber,ice,moon,20,2,1,3
ID_453_F,False,rubber,steel,earth,5,3,1,3
ID_454_T,True,wood,ice,moon,50,4,1,3
ID_455_F,False,glass,steel,earth,10,3,2,3
ID_456_F,False,rubber,wood,earth,35,2,2,3
ID_457_T,True,ice,steel,earth,30,5,1,3
ID_458_F,False,rubber,glass,mars,5,4,2,3
ID_459_F,False,rubber,glass,moon,25,1,1,3
ID_460_F,False,rubber,steel,moon,35,1,1,3
ID_461_F,False,rubber,wood,moon,45,4,2,3
ID_462_T,True,wood,glass,earth,50,3,2,3
ID_463_T,True,wood,glass,moon,30,4,2,3
ID_464_T,True,ice,steel,moon,35,2,2,3
ID_465_F,False,rubber,glass,mars,45,3,1,3
ID_466_F,False,steel,ice,earth,35,3,1,3
ID_467_T,True,wood,glass,moon,20,1,1,3
ID_468_T,True,steel,rubber,moon,50,2,1,3
ID_469_F,False,glass,glass,earth,30,3,2,3
ID_470_T,True,glass,rubber,earth,50,3,2,3
ID_471_F,False,glass,ice,mars,25,2,1,3
ID_472_T,True,steel,wood,moon,40,3,2,3
ID_473_F,False,steel,ice,earth,20,5,1,3
ID_474_F,False,rubber,glass,earth,15,1,2,3
ID_475_T,True,ice,rubber,moon,10,2,1,3
ID_476_T,True,wood,rubber,earth,15,1,1,3
ID_477_T,True,wood,glass,mars,25,1,2,3
ID_478_F,False,steel,steel,earth,15,2,2,3
ID_479_T,True,ice,glass,earth,40,2,1,3
ID_480_F,False,steel,steel,earth,5,3,1,3
ID_481_F,False,steel,steel,moon,5,3,1,3
ID_482_T,True,ice,ice,mars,50,3,1,3
ID_483_T,True,ice,rubber,earth,35,4,1,3
ID_484_T,True,ice,rubber,mars,30,4,2,3
ID_485_T,True,steel,wood,moon,45,2,1,3
ID_486_F,False,steel,steel,earth,25,2,2,3
ID_487_F,False,steel,glass,mars,25,3,2,3
ID_488_F,False,glass,rubber,moon,15,2,2,3
ID_489_T,True,steel,ice,mars,40,3,1,3
ID_490_F,False,rubber,rubber,earth,45,2,1,3
ID_491_F,False,rubber,steel,earth,25,1,1,3
ID_492_T,True,ice,ice,mars,30,1,2,3
ID_493_T,True,ice,rubber,earth,15,3,1,3
ID_494_T,True,wood,rubber,mars,45,2,1,3
ID_495_F,False,steel,wood,mars,30,2,2,3
ID_496_F,False,glass,ice,earth,15,1,2,3
ID_497_F,False,glass,ice,earth,35,1,1,3
ID_498_T,True,wood,ice,moon,40,1,1,3
ID_499_T,True,steel,glass,earth,50,3,1,3
ID_500_F,False,glass,ice,mars,10,5,2,3
ID_501_T,True,glass,wood,mars,45,4,2,3
ID_502_T,True,glass,glass,moon,45,5,1,3
ID_503_F,False,glass,steel,earth,25,2,2,3
ID_504_F,False,wood,glass,mars,10,1,1,3
ID_505_T,True,glass,glass,mars,50,3,1,3
ID_506_T,True,wood,steel,mars,20,2,2,3
ID_507_F,False,glass,glass,moon,15,5,2,3
ID_508_F,False,wood,ice,moon,5,4,2,3
ID_509_F,False,rubber,wood,mars,25,4,1,3
ID_510_F,False,wood,ice,moon,10,3,1,3
ID_511_T,True,wood,rubber,moon,50,3,1,3
ID_512_T,True,glass,ice,earth,50,2,2,3
ID_513_F,False,ice,glass,mars,5,3,2,3
ID_514_T,True,ice,steel,moon,50,5,2,3
ID_515_F,False,wood,glass,mars,10,2,2,3
ID_516_F,False,rubber,rubber,mars,30,3,2,3
ID_517_F,False,rubber,rubber,earth,20,2,2,3
ID_518_F,False,steel,rubber,earth,30,3,1,3
ID_519_F,False,glass,ice,mars,10,5,2,3
ID_520_F,False,glass,steel,mars,15,1,1,3
ID_521_F,False,steel,rubber,moon,20,3,2,3
ID_522_T,True,wood,ice,earth,35,2,2,3
ID_523_T,True,wood,ice,earth,30,3,1,3
ID_524_T,True,glass,wood,mars,45,2,2,3
ID_525_F,False,glass,steel,earth,35,5,1,3
ID_526_T,True,wood,rubber,mars,15,4,2,3
ID_527_F,False,rubber,wood,earth,35,5,1,3
ID_528_F,False,rubber,ice,earth,25,4,2,3
ID_529_T,True,steel,ice,mars,50,3,2,3
ID_530_F,False,steel,steel,mars,35,5,1,3
ID_531_F,False,rubber,glass,mars,25,4,1,3
ID_532_F,False,rubber,rubber,earth,30,3,2,3
ID_533_F,False,glass,glass,moon,15,1,2,3
ID_534_T,True,wood,ice,earth,40,1,2,3
ID_535_F,False,wood,wood,mars,5,3,1,3
ID_536_T,True,ice,ice,earth,10,1,1,3
ID_537_F,False,steel,ice,moon,15,4,1,3
ID_538_F,False,steel,wood,earth,20,2,2,3
ID_539_T,True,wood,glass,mars,20,2,2,3
ID_540_T,True,steel,steel,moon,50,4,1,3
ID_541_F,False,steel,glass,earth,15,3,1,3
ID_542_F,False,steel,glass,mars,20,3,2,3
ID_543_F,False,glass,rubber,earth,15,3,1,3
ID_544_F,False,rubber,ice,moon,40,4,2,3
ID_545_F,False,steel,wood,earth,30,4,2,3
ID_546_F,False,rubber,wood,earth,15,2,1,3
ID_547_T,True,wood,steel,moon,35,3,2,3
ID_548_F,False,steel,steel,earth,5,2,1,3
ID_549_F,False,glass,wood,earth,25,2,1,3
ID_550_F,False,wood,steel,mars,5,5,2,3
ID_551_F,False,rubber,steel,moon,25,5,1,3
ID_552_F,False,rubber,wood,mars,35,2,1,3
ID_553_T,True,ice,steel,moon,40,2,2,3
ID_554_F,False,glass,wood,moon,40,5,1,3
ID_555_F,False,rubber,rubber,moon,15,3,1,3
ID_556_F,False,glass,glass,moon,15,3,1,3
ID_557_F,False,rubber,wood,mars,20,3,2,3
ID_558_F,False,wood,ice,mars,10,3,1,3
ID_559_F,False,rubber,steel,moon,30,4,1,3
ID_560_F,False,rubber,glass,moon,10,5,1,3
ID_561_F,False,glass,wood,mars,10,2,1,3
ID_562_F,False,wood,rubber,earth,5,4,2,3
ID_563_F,False,glass,steel,earth,10,3,2,3
ID_564_F,False,glass,steel,moon,25,5,2,3
ID_565_T,True,glass,wood,mars,45,3,1,3
ID_566_T,True,wood,steel,mars,50,1,1,3
ID_567_F,False,rubber,glass,moon,10,3,2,3
ID_568_F,False,glass,steel,moon,15,3,1,3
ID_569_F,False,rubber,rubber,moon,10,5,2,3
ID_570_F,False,wood,ice,mars,5,1,1,3
ID_571_T,True,wood,steel,mars,50,4,2,3
ID_572_T,True,ice,glass,earth,25,4,2,3
ID_573_T,True,wood,wood,moon,25,2,1,3
ID_574_F,False,wood,ice,earth,5,2,1,3
ID_575_T,True,steel,wood,moon,40,5,1,3
ID_576_T,True,ice,ice,earth,20,1,2,3
ID_577_T,True,rubber,glass,mars,50,4,1,3
ID_578_T,True,ice,ice,moon,45,4,2,3
ID_579_T,True,wood,wood,mars,45,3,2,3
ID_580_F,False,rubber,steel,moon,5,3,2,3
ID_581_F,False,wood,glass,moon,10,3,2,3
ID_582_T,True,wood,glass,moon,35,4,1,3
ID_583_T,True,wood,steel,moon,35,1,1,3
ID_584_F,False,steel,ice,mars,35,3,1,3
ID_585_T,True,wood,rubber,earth,35,1,2,3
ID_586_F,False,rubber,glass,earth,35,3,2,3
ID_587_F,False,steel,rubber,earth,20,3,2,3
ID_588_F,False,steel,ice,earth,25,5,2,3
ID_589_T,True,ice,steel,mars,10,4,2,3
ID_590_T,True,steel,glass,moon,50,3,2,3
ID_591_F,False,rubber,wood,mars,30,4,2,3
ID_592_T,True,ice,ice,earth,40,4,2,3
ID_593_T,True,steel,glass,earth,50,5,1,3
ID_594_T,True,steel,rubber,earth,50,2,2,3
ID_595_F,False,rubber,glass,moon,10,2,1,3
ID_596_T,True,steel,wood,mars,40,4,2,3
ID_597_T,True,wood,rubber,earth,15,3,2,3
ID_598_T,True,glass,ice,earth,45,5,1,3
ID_599_F,False,steel,wood,mars,25,2,1,3
ID_600_T,True,wood,wood,mars,30,4,2,3
ID_601_F,False,rubber,wood,moon,30,3,2,3
ID_602_T,True,ice,ice,mars,35,3,2,3
ID_603_T,True,wood,ice,mars,25,1,2,3
ID_604_T,True,glass,steel,earth,45,1,2,3
ID_605_T,True,rubber,ice,moon,50,1,1,3
ID_606_T,True,wood,glass,mars,35,2,2,3
ID_607_F,False,rubber,steel,moon,10,4,2,3
ID_608_F,False,wood,rubber,mars,10,3,2,3
ID_609_F,False,rubber,glass,moon,15,4,1,3
ID_610_T,True,ice,ice,mars,20,3,1,3
ID_611_F,False,glass,rubber,moon,35,4,1,3
ID_612_T,True,ice,steel,mars,45,4,1,3
ID_613_T,True,wood,ice,mars,20,1,2,3
ID_614_T,True,glass,wood,earth,45,3,1,3
ID_615_T,True,rubber,glass,earth,50,3,2,3
ID_616_T,True,ice,rubber,earth,50,1,2,3
ID_617_T,True,wood,glass,mars,45,4,1,3
ID_618_F,False,glass,wood,mars,30,4,2,3
ID_619_T,True,wood,wood,earth,35,3,1,3
ID_620_T,True,ice,rubber,moon,40,4,1,3
ID_621_T,True,steel,glass,mars,45,1,2,3
ID_622_F,False,rubber,ice,earth,5,3,2,3
ID_623_T,True,ice,rubber,moon,40,1,1,3
ID_624_F,False,rubber,rubber,mars,20,1,2,3
ID_625_T,True,ice,glass,moon,40,1,1,3
ID_626_T,True,wood,wood,mars,35,2,1,3
ID_627_T,True,ice,steel,earth,50,4,2,3
ID_628_T,True,ice,wood,earth,20,3,2,3
ID_629_F,False,steel,ice,earth,35,4,1,3
ID_630_F,False,ice,steel,moon,5,4,2,3
ID_631_F,False,rubber,wood,earth,35,3,1,3
ID_632_F,False,glass,ice,earth,15,5,1,3
ID_633_T,True,steel,wood,earth,40,3,2,3
ID_634_T,True,ice,steel,earth,15,4,2,3
ID_635_T,True,ice,steel,earth,15,5,1,3
ID_636_F,False,rubber,steel,moon,45,3,1,3
ID_637_T,True,wood,rubber,mars,40,2,1,3
ID_638_T,True,steel,glass,moon,40,4,2,3
ID_639_F,False,ice,steel,moon,5,2,2,3
ID_640_T,True,ice,wood,moon,50,5,2,3
ID_641_F,False,glass,wood,mars,10,2,2,3
ID_642_F,False,glass,wood,earth,30,3,1,3
ID_643_T,True,wood,ice,earth,50,3,1,3
ID_644_T,True,steel,ice,earth,50,4,2,3
ID_645_F,False,rubber,wood,mars,20,3,2,3
ID_646_T,True,ice,glass,earth,40,4,1,3
ID_647_T,True,steel,steel,moon,50,3,2,3
ID_648_T,True,ice,wood,mars,40,2,2,3
ID_649_F,False,rubber,steel,moon,25,3,1,3
ID_650_F,False,glass,wood,mars,20,2,2,3
ID_651_T,True,ice,glass,moon,10,5,2,3
ID_652_F,False,steel,ice,moon,35,3,1,3
ID_653_T,True,wood,wood,moon,50,4,1,3
ID_654_F,False,rubber,glass,mars,5,1,2,3
ID_655_F,False,rubber,steel,moon,10,1,2,3
ID_656_F,False,glass,wood,mars,15,5,2,3
ID_657_F,False,rubber,wood,mars,15,1,1,3
ID_658_T,True,ice,ice,moon,50,3,2,3
ID_659_T,True,ice,ice,mars,25,3,1,3
ID_660_F,False,rubber,steel,moon,40,4,2,3
ID_661_F,False,steel,wood,earth,20,3,2,3
ID_662_T,True,ice,ice,moon,15,4,2,3
ID_663_F,False,glass,wood,earth,30,1,1,3
ID_664_T,True,wood,rubber,mars,25,4,2,3
ID_665_F,False,glass,ice,moon,10,3,1,3
ID_666_T,True,ice,rubber,mars,25,4,1,3
ID_667_F,False,glass,rubber,moon,15,4,1,3
ID_668_F,False,glass,steel,earth,25,2,1,3
ID_669_F,False,steel,wood,moon,30,3,1,3
ID_670_F,False,rubber,glass,moon,25,4,2,3
ID_671_T,True,ice,glass,mars,45,1,1,3
ID_672_F,False,rubber,steel,mars,20,5,2,3
ID_673_F,False,steel,rubber,mars,35,3,1,3
ID_674_F,False,steel,rubber,moon,25,3,2,3
ID_675_T,True,steel,ice,mars,40,3,2,3
ID_676_T,True,wood,steel,earth,50,1,2,3
ID_677_T,True,ice,glass,moon,50,2,2,3
ID_678_F,False,rubber,steel,mars,30,2,1,3
ID_679_T,True,ice,wood,moon,10,5,1,3
ID_680_T,True,ice,wood,earth,45,3,2,3
ID_681_T,True,wood,rubber,earth,25,3,1,3
ID_682_F,False,steel,steel,earth,5,4,1,3
ID_683_T,True,ice,ice,earth,10,3,2,3
ID_684_T,True,ice,glass,moon,25,2,2,3
ID_685_T,True,ice,ice,mars,40,5,2,3
ID_686_F,False,rubber,glass,earth,45,4,1,3
ID_687_F,False,rubber,rubber,moon,35,1,1,3
ID_688_F,False,glass,steel,earth,40,5,2,3
ID_689_F,False,wood,ice,moon,5,2,1,3
ID_690_T,True,ice,wood,moon,10,3,1,3
ID_691_F,False,steel,wood,earth,25,2,2,3
ID_692_F,False,glass,rubber,moon,5,2,2,3
ID_693_F,False,rubber,steel,mars,30,3,1,3
ID_694_F,False,glass,glass,earth,5,2,1,3
ID_695_T,True,ice,wood,moon,25,3,2,3
ID_696_F,False,glass,wood,earth,25,4,2,3
ID_697_F,False,steel,wood,earth,20,1,1,3
ID_698_F,False,glass,rubber,earth,35,3,1,3
ID_699_F,False,steel,glass,mars,10,4,2,3
ID_700_F,False,steel,rubber,moon,10,3,2,3
ID_701_T,True,ice,glass,earth,45,3,1,3
ID_702_T,True,ice,steel,moon,40,1,1,3
ID_703_F,False,glass,ice,moon,25,2,2,3
ID_704_T,True,wood,glass,mars,40,2,1,3
ID_705_F,False,rubber,steel,moon,5,2,1,3
ID_706_T,True,wood,glass,mars,35,4,2,3
ID_707_T,True,steel,glass,mars,50,4,1,3
ID_708_T,True,wood,rubber,moon,30,4,2,3
ID_709_T,True,ice,steel,moon,30,3,2,3
ID_710_T,True,steel,glass,mars,40,1,2,3
ID_711_T,True,steel,wood,mars,40,4,1,3
ID_712_F,False,steel,wood,mars,10,1,2,3
ID_713_F,False,glass,steel,earth,25,3,2,3
ID_714_F,False,steel,rubber,moon,5,5,2,3
ID_715_T,True,wood,rubber,mars,15,2,1,3
ID_716_T,True,wood,wood,earth,35,1,2,3
ID_717_F,False,glass,wood,moon,30,2,2,3
ID_718_T,True,rubber,rubber,moon,50,1,1,3
ID_719_T,True,ice,wood,earth,25,5,1,3
ID_720_F,False,steel,steel,moon,5,3,1,3
ID_721_F,False,rubber,ice,mars,45,5,2,3
ID_722_T,True,wood,ice,moon,20,3,1,3
ID_723_F,False,glass,steel,earth,25,5,2,3
ID_724_F,False,glass,steel,earth,25,2,2,3
ID_725_T,True,wood,glass,moon,50,3,1,3
ID_726_F,False,rubber,rubber,earth,5,1,1,3
ID_727_T,True,wood,wood,earth,15,3,1,3
ID_728_F,False,steel,ice,mars,5,5,2,3
ID_729_F,False,glass,glass,earth,35,3,2,3
ID_730_F,False,glass,glass,mars,35,5,2,3
ID_731_F,False,rubber,glass,earth,20,2,2,3
ID_732_F,False,rubber,ice,moon,20,1,1,3
ID_733_F,False,steel,ice,mars,10,2,1,3
ID_734_T,True,steel,rubber,moon,50,2,1,3
ID_735_F,False,rubber,steel,mars,20,2,2,3
ID_736_F,False,rubber,steel,mars,45,3,1,3
ID_737_F,False,glass,steel,moon,10,3,2,3
ID_738_F,False,steel,glass,moon,20,2,1,3
ID_739_F,False,steel,wood,mars,25,2,1,3
ID_740_T,True,ice,rubber,earth,45,4,1,3
ID_741_T,True,ice,wood,earth,35,4,2,3
ID_742_T,True,ice,glass,moon,30,5,1,3
ID_743_F,False,rubber,glass,mars,45,3,1,3
ID_744_F,False,glass,rubber,earth,20,4,1,3
ID_745_F,False,wood,glass,mars,10,2,2,3
ID_746_T,True,ice,glass,moon,15,3,1,3
ID_747_T,True,ice,wood,earth,50,2,2,3
ID_748_T,True,wood,ice,earth,45,1,1,3
ID_749_F,False,glass,wood,moon,10,4,1,3
ID_750_T,True,ice,rubber,moon,20,1,2,3
ID_751_F,False,rubber,steel,mars,40,4,1,3
ID_752_F,False,glass,glass,earth,20,1,2,3
ID_753_F,False,steel,wood,mars,10,4,1,3
ID_754_T,True,wood,glass,mars,20,5,1,3
ID_755_F,False,glass,glass,earth,25,4,1,3
ID_756_F,False,rubber,ice,moon,15,4,2,3
ID_757_F,False,steel,wood,mars,20,4,2,3
ID_758_F,False,glass,wood,earth,35,4,1,3
ID_759_F,False,glass,wood,moon,40,3,1,3
ID_760_F,False,steel,steel,earth,5,2,2,3
ID_761_T,True,steel,glass,mars,50,4,1,3
ID_762_F,False,steel,ice,moon,10,4,2,3
ID_763_T,True,wood,wood,mars,20,2,1,3
ID_764_T,True,wood,glass,mars,35,2,2,3
ID_765_F,False,glass,glass,earth,10,4,2,3
ID_766_T,True,ice,rubber,moon,10,1,2,3
ID_767_T,True,ice,wood,mars,50,2,1,3
ID_768_F,False,steel,wood,mars,20,3,1,3
ID_769_F,False,rubber,glass,moon,35,4,1,3
ID_770_F,False,rubber,ice,earth,15,4,2,3
ID_771_F,False,steel,ice,mars,25,5,2,3
ID_772_T,True,rubber,rubber,earth,50,4,2,3
ID_773_F,False,glass,wood,mars,25,2,1,3
ID_774_T,True,ice,steel,earth,10,4,1,3
ID_775_F,False,rubber,ice,mars,30,3,2,3
ID_776_F,False,steel,ice,mars,5,4,2,3
ID_777_F,False,ice,glass,earth,5,1,1,3
ID_778_F,False,wood,steel,earth,10,4,2,3
ID_779_F,False,glass,rubber,mars,5,5,1,3
ID_780_F,False,steel,steel,earth,15,2,2,3
ID_781_F,False,glass,glass,moon,20,4,2,3
ID_782_T,True,wood,ice,moon,40,3,2,3
ID_783_F,False,steel,rubber,earth,30,3,1,3
ID_784_T,True,ice,glass,earth,10,5,2,3
ID_785_T,True,ice,glass,mars,40,2,2,3
ID_786_F,False,rubber,ice,moon,20,4,2,3
ID_787_F,False,steel,rubber,moon,25,4,2,3
ID_788_T,True,steel,rubber,moon,45,5,2,3
ID_789_F,False,glass,glass,earth,5,1,1,3
ID_790_F,False,steel,ice,earth,30,3,2,3
ID_791_F,False,ice,rubber,mars,5,4,1,3
ID_792_T,True,wood,rubber,moon,45,2,1,3
ID_793_T,True,wood,wood,earth,20,5,1,3
ID_794_F,False,wood,rubber,mars,5,4,2,3
ID_795_T,True,wood,wood,earth,45,2,2,3
ID_796_T,True,steel,rubber,moon,45,1,2,3
ID_797_F,False,ice,glass,earth,5,5,2,3
ID_798_F,False,rubber,glass,earth,15,4,1,3
ID_799_F,False,wood,glass,moon,5,4,2,3
ID_800_T,True,ice,steel,moon,40,2,2,3
ID_801_F,False,glass,glass,mars,20,4,1,3
ID_802_T,True,steel,steel,mars,40,3,1,3
ID_803_F,False,rubber,glass,moon,25,3,1,3
ID_804_T,True,rubber,wood,mars,50,4,2,3
ID_805_T,True,wood,steel,moon,20,3,1,3
ID_806_T,True,rubber,ice,mars,50,2,1,3
ID_807_T,True,ice,steel,moon,45,3,1,3
ID_808_F,False,glass,ice,mars,25,2,2,3
ID_809_F,False,rubber,glass,moon,20,5,2,3
ID_810_T,True,steel,ice,earth,45,1,2,3
ID_811_F,False,rubber,rubber,mars,45,4,2,3
ID_812_F,False,steel,glass,earth,35,5,1,3
ID_813_F,False,glass,glass,moon,25,4,1,3
ID_814_F,False,wood,wood,mars,5,5,2,3
ID_815_T,True,glass,glass,earth,45,3,1,3
ID_816_F,False,rubber,wood,moon,20,2,1,3
ID_817_T,True,wood,glass,earth,40,1,1,3
ID_818_F,False,glass,rubber,moon,35,4,2,3
ID_819_T,True,wood,steel,mars,25,5,2,3
ID_820_F,False,wood,ice,mars,5,2,1,3
ID_821_T,True,ice,steel,moon,15,1,1,3
ID_822_F,False,glass,glass,moon,20,4,2,3
ID_823_F,False,glass,rubber,moon,20,2,1,3
ID_824_T,True,wood,glass,earth,50,1,2,3
ID_825_F,False,glass,rubber,earth,20,3,2,3
ID_826_F,False,rubber,glass,moon,15,2,2,3
ID_827_T,True,wood,ice,mars,40,2,1,3
ID_828_F,False,rubber,glass,mars,20,3,2,3
ID_829_T,True,wood,glass,moon,30,3,2,3
ID_830_T,True,glass,rubber,earth,45,3,2,3
ID_831_F,False,wood,ice,mars,10,3,2,3
ID_832_T,True,wood,wood,earth,50,1,1,3
ID_833_T,True,ice,ice,moon,50,3,1,3
ID_834_F,False,glass,steel,earth,25,1,2,3
ID_835_F,False,rubber,wood,earth,10,5,1,3
ID_836_F,False,glass,steel,earth,40,4,1,3
ID_837_F,False,steel,glass,earth,5,1,2,3
ID_838_F,False,glass,wood,moon,20,2,1,3
ID_839_F,False,glass,rubber,mars,15,4,1,3
ID_840_F,False,glass,wood,mars,25,2,2,3
ID_841_T,True,ice,glass,earth,15,4,1,3
ID_842_F,False,rubber,rubber,earth,5,1,2,3
ID_843_F,False,glass,steel,mars,30,2,1,3
ID_844_T,True,glass,ice,moon,50,5,2,3
ID_845_T,True,glass,steel,moon,45,5,2,3
ID_846_F,False,glass,ice,moon,25,3,1,3
ID_847_T,True,ice,wood,earth,15,3,1,3
ID_848_F,False,steel,steel,moon,20,4,2,3
ID_849_F,False,rubber,rubber,mars,35,5,2,3
ID_850_F,False,steel,ice,mars,30,2,1,3
ID_851_F,False,steel,glass,moon,35,2,1,3
ID_852_F,False,steel,rubber,earth,20,4,2,3
ID_853_F,False,glass,rubber,earth,15,3,1,3
ID_854_T,True,ice,ice,moon,40,2,1,3
ID_855_F,False,glass,ice,mars,20,1,2,3
ID_856_T,True,steel,glass,earth,50,4,2,3
ID_857_T,True,ice,glass,earth,40,2,1,3
ID_858_F,False,rubber,wood,moon,25,4,2,3
ID_859_F,False,rubber,glass,mars,25,1,1,3
ID_860_T,True,ice,wood,earth,15,3,1,3
ID_861_F,False,wood,wood,earth,10,4,2,3
ID_862_T,True,wood,ice,moon,40,4,1,3
ID_863_F,False,rubber,ice,mars,5,2,2,3
ID_864_T,True,glass,ice,mars,45,4,1,3
ID_865_T,True,ice,ice,earth,35,2,1,3
ID_866_F,False,steel,rubber,moon,25,4,2,3
ID_867_T,True,ice,wood,mars,30,1,1,3
ID_868_T,True,ice,rubber,earth,25,3,1,3
ID_869_T,True,steel,rubber,mars,45,2,2,3
ID_870_F,False,glass,wood,moon,40,5,1,3
ID_871_T,True,steel,steel,mars,50,3,2,3
ID_872_T,True,wood,ice,earth,25,3,2,3
ID_873_T,True,wood,ice,mars,30,1,2,3
ID_874_F,False,glass,glass,mars,15,1,2,3
ID_875_T,True,glass,wood,mars,45,3,1,3
ID_876_T,True,ice,wood,moon,15,3,1,3
ID_877_F,False,glass,glass,moon,40,5,1,3
ID_878_T,True,steel,ice,mars,45,4,2,3
ID_879_F,False,glass,steel,mars,5,3,2,3
ID_880_T,True,wood,rubber,moon,35,1,1,3
ID_881_F,False,rubber,rubber,mars,45,2,2,3
ID_882_T,True,steel,steel,mars,40,4,1,3
ID_883_T,True,ice,wood,moon,40,4,2,3
ID_884_F,False,rubber,steel,earth,25,1,1,3
ID_885_T,True,ice,wood,moon,40,3,1,3
ID_886_T,True,ice,steel,earth,15,1,1,3
ID_887_F,False,glass,ice,mars,5,3,1,3
ID_888_F,False,glass,rubber,mars,35,3,1,3
ID_889_T,True,wood,wood,earth,20,5,1,3
ID_890_T,True,ice,glass,mars,20,4,2,3
ID_891_F,False,rubber,glass,mars,35,2,2,3
ID_892_T,True,ice,ice,mars,20,1,1,3
ID_893_F,False,rubber,ice,earth,20,3,1,3
ID_894_F,False,rubber,glass,moon,45,2,1,3
ID_895_T,True,wood,ice,mars,40,3,1,3
ID_896_T,True,wood,ice,earth,15,2,1,3
ID_897_F,False,steel,ice,moon,15,2,2,3
ID_898_F,False,steel,rubber,mars,15,5,1,3
ID_899_T,True,ice,glass,mars,30,5,1,3
ID_900_F,False,glass,glass,moon,10,2,2,3
ID_901_F,False,rubber,wood,earth,30,2,1,3
ID_902_F,False,steel,ice,earth,10,2,2,3
ID_903_F,False,rubber,rubber,moon,35,5,2,3
ID_904_T,True,wood,steel,moon,35,1,2,3
ID_905_T,True,ice,rubber,mars,30,5,1,3
ID_906_T,True,ice,rubber,moon,30,2,2,3
ID_907_F,False,rubber,ice,mars,10,3,1,3
ID_908_T,True,ice,rubber,earth,15,1,2,3
ID_909_F,False,glass,glass,mars,35,3,2,3
ID_910_F,False,wood,steel,earth,5,3,2,3
ID_911_T,True,steel,steel,mars,45,5,1,3
ID_912_T,True,wood,wood,mars,15,2,2,3
ID_913_T,True,wood,glass,mars,30,5,2,3
ID_914_F,False,glass,wood,earth,25,2,1,3
ID_915_T,True,ice,wood,earth,15,3,1,3
ID_916_F,False,glass,steel,moon,25,1,2,3
ID_917_F,False,rubber,steel,moon,45,2,1,3
ID_918_T,True,ice,rubber,mars,30,2,2,3
ID_919_T,True,glass,steel,mars,50,3,1,3
ID_920_F,False,glass,glass,earth,10,3,2,3
ID_921_F,False,steel,rubber,earth,20,4,2,3
ID_922_T,True,wood,glass,mars,20,2,2,3
ID_923_T,True,ice,steel,mars,45,1,1,3
ID_924_F,False,steel,steel,mars,15,3,2,3
ID_925_F,False,steel,ice,moon,10,2,2,3
ID_926_T,True,ice,rubber,earth,20,1,2,3
ID_927_T,True,ice,steel,mars,10,4,1,3
ID_928_F,False,rubber,rubber,earth,5,2,1,3
ID_929_F,False,rubber,rubber,mars,35,4,2,3
ID_930_T,True,ice,glass,mars,35,2,1,3
ID_931_F,False,rubber,glass,earth,10,5,2,3
ID_932_F,False,glass,steel,moon,30,2,1,3
ID_933_T,True,ice,glass,moon,10,3,1,3
ID_934_F,False,glass,wood,earth,35,4,2,3
ID_935_T,True,ice,steel,mars,35,2,1,3
ID_936_F,False,steel,rubber,moon,10,1,1,3
ID_937_T,True,ice,rubber,mars,20,3,2,3
ID_938_F,False,rubber,ice,moon,35,3,2,3
ID_939_F,False,glass,wood,moon,10,2,2,3
ID_940_T,True,wood,wood,mars,45,3,2,3
ID_941_F,False,rubber,steel,earth,40,4,2,3
ID_942_F,False,rubber,wood,moon,20,2,2,3
ID_943_F,False,rubber,wood,earth,40,4,1,3
ID_944_F,False,rubber,wood,mars,15,2,1,3
ID_945_T,True,glass,glass,mars,50,1,2,3
ID_946_T,True,wood,ice,earth,20,3,1,3
ID_947_F,False,rubber,ice,mars,20,3,2,3
ID_948_F,False,glass,steel,moon,35,4,1,3
ID_949_F,False,wood,ice,earth,10,1,1,3
ID_950_T,True,wood,rubber,moon,50,5,2,3
ID_951_F,False,steel,glass,earth,15,5,1,3
ID_952_T,True,wood,steel,earth,30,5,1,3
ID_953_F,False,wood,ice,moon,5,1,2,3
ID_954_T,True,ice,glass,earth,50,2,2,3
ID_955_T,True,wood,ice,mars,35,1,1,3
ID_956_F,False,steel,steel,moon,35,3,2,3
ID_957_F,False,steel,steel,earth,20,1,1,3
ID_958_F,False,wood,wood,mars,5,4,2,3
ID_959_F,False,steel,glass,mars,15,3,2,3
ID_960_F,False,glass,glass,earth,10,5,2,3
ID_961_T,True,ice,steel,earth,10,1,1,3
ID_962_F,False,glass,steel,moon,40,2,2,3
ID_963_F,False,rubber,steel,mars,20,1,2,3
ID_964_T,True,ice,rubber,mars,45,1,2,3
ID_965_F,False,steel,wood,moon,10,5,2,3
ID_966_T,True,wood,glass,earth,50,2,1,3
ID_967_F,False,glass,wood,earth,10,2,2,3
ID_968_F,False,glass,rubber,moon,35,4,1,3
ID_969_F,False,steel,steel,mars,30,4,2,3
ID_970_T,True,ice,steel,mars,10,3,1,3
ID_971_T,True,ice,rubber,mars,45,1,1,3
ID_972_F,False,rubber,ice,earth,15,3,2,3
ID_973_T,True,wood,rubber,mars,40,2,2,3
ID_974_F,False,rubber,glass,earth,10,4,1,3
ID_975_T,True,wood,glass,moon,15,2,2,3
ID_976_F,False,rubber,wood,moon,15,2,2,3
ID_977_F,False,glass,ice,mars,35,2,1,3
ID_978_F,False,rubber,rubber,earth,40,2,2,3
ID_979_F,False,steel,wood,mars,35,4,2,3
ID_980_T,True,steel,steel,moon,45,2,2,3
ID_981_F,False,rubber,steel,earth,10,2,2,3
ID_982_F,False,glass,wood,mars,5,3,1,3
ID_983_T,True,glass,ice,mars,45,3,2,3
ID_984_F,False,steel,ice,earth,35,1,2,3
ID_985_F,False,steel,wood,mars,15,2,1,3
ID_986_F,False,steel,glass,mars,35,3,1,3
ID_987_T,True,rubber,ice,mars,50,3,1,3
ID_988_T,True,ice,rubber,moon,30,2,1,3
ID_989_F,False,glass,ice,earth,30,4,1,3
ID_990_F,False,wood,wood,mars,5,4,2,3
ID_991_F,False,steel,steel,earth,10,4,2,3
ID_992_F,False,wood,glass,moon,10,2,1,3
ID_993_T,True,ice,steel,earth,15,2,1,3
ID_994_T,True,glass,glass,mars,45,4,2,3
ID_995_T,True,wood,rubber,moon,50,3,1,3
ID_996_T,True,wood,ice,moon,45,3,2,3
ID_997_F,False,glass,wood,mars,40,4,1,3
ID_998_F,False,steel,glass,moon,15,3,1,3
ID_999_F,False,rubber,wood,mars,20,5,1,3
